{
    "run": 10,
    "description": "Max training iterations set to 50",
    "VQC-Model-1": {
        "training_time_seconds": 484.8832085132599,
        "evaluation_metrics": {
            "accuracy": 0.67,
            "precision": 0.7504091653027823,
            "recall": 0.67,
            "f1_score": 0.6411960132890366
        },
        "confusion_matrix": [
            [
                143,
                7
            ],
            [
                92,
                58
            ]
        ]
    },
    "VQC-Model-2": {
        "training_time_seconds": 984.8815765380859,
        "evaluation_metrics": {
            "accuracy": 0.5766666666666667,
            "precision": 0.7707581227436824,
            "recall": 0.5766666666666667,
            "f1_score": 0.4842360330847017
        },
        "confusion_matrix": [
            [
                150,
                0
            ],
            [
                127,
                23
            ]
        ]
    },
    "VQC-Model-3": {
        "training_time_seconds": 3150.064304113388,
        "evaluation_metrics": {
            "accuracy": 0.8633333333333333,
            "precision": 0.8926701570680629,
            "recall": 0.8633333333333333,
            "f1_score": 0.8607321187966349
        },
        "confusion_matrix": [
            [
                150,
                0
            ],
            [
                41,
                109
            ]
        ]
    },
    "VQC-Model-4": {
        "training_time_seconds": 279.87654209136963,
        "evaluation_metrics": {
            "accuracy": 0.7433333333333333,
            "precision": 0.74730114277971,
            "recall": 0.7433333333333334,
            "f1_score": 0.7422996686710026
        },
        "confusion_matrix": [
            [
                121,
                29
            ],
            [
                48,
                102
            ]
        ]
    },
    "SVM": {
        "evaluation_metrics": {
            "accuracy": 1.0,
            "precision": 1.0,
            "recall": 1.0,
            "f1_score": 1.0
        },
        "confusion_matrix": [
            [
                150,
                0
            ],
            [
                0,
                150
            ]
        ]
    },
    "RF": {
        "evaluation_metrics": {
            "accuracy": 1.0,
            "precision": 1.0,
            "recall": 1.0,
            "f1_score": 1.0
        },
        "confusion_matrix": [
            [
                150,
                0
            ],
            [
                0,
                150
            ]
        ]
    }
}