{
    "run": 5,
    "description": "Number of samples set to 2000",
    "VQC-Model-1": {
        "training_time_seconds": 1922.1486189365387,
        "evaluation_metrics": {
            "accuracy": 0.7416666666666667,
            "precision": 0.8077293113937662,
            "recall": 0.7416666666666667,
            "f1_score": 0.7270157538327868
        },
        "confusion_matrix": [
            [
                292,
                8
            ],
            [
                147,
                153
            ]
        ]
    },
    "VQC-Model-2": {
        "training_time_seconds": 3088.1025688648224,
        "evaluation_metrics": {
            "accuracy": 0.5616666666666666,
            "precision": 0.6101212325641382,
            "recall": 0.5616666666666666,
            "f1_score": 0.5074890995290248
        },
        "confusion_matrix": [
            [
                268,
                32
            ],
            [
                231,
                69
            ]
        ]
    },
    "VQC-Model-3": {
        "training_time_seconds": 12689.102108240128,
        "evaluation_metrics": {
            "accuracy": 0.8183333333333334,
            "precision": 0.8667481662591687,
            "recall": 0.8183333333333334,
            "f1_score": 0.8121332073227834
        },
        "confusion_matrix": [
            [
                300,
                0
            ],
            [
                109,
                191
            ]
        ]
    },
    "VQC-Model-4": {
        "training_time_seconds": 1202.8815903663635,
        "evaluation_metrics": {
            "accuracy": 0.845,
            "precision": 0.8515664805987386,
            "recall": 0.845,
            "f1_score": 0.8442728406810691
        },
        "confusion_matrix": [
            [
                274,
                26
            ],
            [
                67,
                233
            ]
        ]
    },
    "SVM": {
        "evaluation_metrics": {
            "accuracy": 1.0,
            "precision": 1.0,
            "recall": 1.0,
            "f1_score": 1.0
        },
        "confusion_matrix": [
            [
                300,
                0
            ],
            [
                0,
                300
            ]
        ]
    },
    "RF": {
        "evaluation_metrics": {
            "accuracy": 1.0,
            "precision": 1.0,
            "recall": 1.0,
            "f1_score": 1.0
        },
        "confusion_matrix": [
            [
                300,
                0
            ],
            [
                0,
                300
            ]
        ]
    }
}